lastname,firstname,email,badge
Abbot,Jean,abbotjean@noreply.invalid,Induction
Álvarez,Paula,alvarezpaula@noreply.invalid,Workplace Hazards
Murphy,John,MurphyJohn@noreply.invalid,Risk Awareness
O'Sullivan,Sean,OSullivansean@noreply.invalid,Responsibility
O'Reilly,Tom,OReillytom@noreply.invalid,Communication
Macken,Peter,Mackenpeter@noreply.invalid,Case Studies
Hogen,Fran,Hogenfran@noreply.invalid,Major Assignment
Hegarty,Jane,Hegartyjane@noreply.invalid,Completion
Hearney,Paula,hearneypaula@noreply.invalid,Completion with Distinction
Muñoz,Ian,munozian@noreply.invalid,Work Experience
Walsh,James,walshjames@noreply.invalid,Online Course Completion
鈴木,真紀,makisuzuki@noreply.invalid,Transition Unit Completion
